Producto;Precio;
Mochila BERGAN;39,90 €;
Mochila MANTU;39,90 €;
Bolso LACIO;36,90 €;
Bolso bandolera CAPRI;36,90 €;
Mochila MASALA;39,90 €;
Mochila MASALA;39,90 €;
Bolso bandolera LIVA;29,90 €;
Bolso bandolera LIVA;29,90 €;
Bolso LACIO;36,90 €;
Bolso bandolera CAPRI;36,90 €;
Bolso bandolera MESINA;36,90 €;
Bolso bandolera MESINA;36,90 €;
Bolso ANTRAM;45,90 €;
Bolso ROMA;36,90 €;
Bolso RIMINI;45,90 €;
Bolso de bandolera BARI;36,90 €;
Bolso bandolera EMILIA;36,90 €;
Bolso ROMA;36,90 €;
Bolso GRAPPA;39,90 €;
Bolso de mujer ANCONA;45,90 €;
Mochila ALBA;39,90 €;
Bolso MARTIN;45,90 €;
Bolso bandolera GROSSO;29,90 €;
Bolso bandolera EMILIA;36,90 €;
Mochila ELBA;39,90 €;
Mochila ELBA;39,90 €;
Mochila INSTAN;39,90 €;
Mochila INSTAN;39,90 €;
Bolso ASTI;36,90 €;
Mochila ASTI;36,90 €;
Bolso STAVIA;42,90 €;
Mochila MANTU;39,90 €;
Bolso PARMA;45,90 €;
Bolso PARMA;45,90 €;
Bolso de mujer LIVORN;36,90 €;
Bolso de mujer LIVORN;36,90 €;
Bolso bandolera FIRENCE;36,90 €;
Bolso bandolera LIVA;29,90 €;
Bolso de mujer LIVORN;36,90 €;
Bolso PALERMO;45,90 €;
Riñonera FRIULI;29,90 €;
Bolso TERMOLI;36,90 €;
Bolso TIVOLI;32,90 €;
Bolso TERMAL;32,90 €;
Bolso TERMAL;32,90 €;
Bolso TERMAL;32,90 €;
Bolso TERMOLI;36,90 €;
BOLSO KIELE;35,99 €;
MOCHILA PADANG;35,99 €;
BOLSO SUNSET;45,99 €;
BOLSO BETONG;39,99 €;
BOLSO SUNNY;29,99 €;
Bolso bandolera BLED;29,99 €;
Mochila LONDRA;35,99 €;
Bolso ANTRAM;?;
Bolso ANTRAM;?;
BOLSO KAREKA;?;
BOLSO LEVIN;?;
Mochila FRATA;?;
Bolso GARDA;?;
