Categoría;Subcategoria;Producto;Precio;
Mujer;Zapatos;Zapato BASS;39,90 €;
Mujer;Zapatos;Zapato ANI;36,90 €;
Mujer;Zapatos;Zapato ALISE;45,90 €;
Mujer;Zapatos;Zapatos GLANY;45,90 €;
Mujer;Zapatos;Zapato GLASI;45,90 €;
Mujer;Zapatos;Zapato GLASI;45,90 €;
Mujer;Zapatos;ZAPATO HIGHSCHOOL;39,99 €;
Mujer;Zapatos;ZAPATO MANA;39,99 €;
Mujer;Zapatos;Zapato GLASI;45,90 €;
Mujer;Zapatos;ZAPATO GLASS;45,99 €;
Mujer;Zapatos;Zapato PANA;35,99 €;
Mujer;Zapatos;Zueco CENTI;59,90 €;
Mujer;Zapatos;Zapato Oxford MILA;42,99 €;
Mujer;Zapatos;Zapatos NAO;45,99 €;
Mujer;Zapatos;Zapatos CIRCE;39,99 €;
Mujer;Zapatos;Zueco CENTI;59,90 €;
Mujer;Zapatos;Zueco ELA;?;
Mujer;Zapatos;ZAPATO SABB;?;
Mujer;Zapatos;Zapato GLANY;?;
Mujer;Zapatos;Zapato MAYRAS;?;
